name,url,rarity,notes,price_gp
🏺 Silver Ewer,,25 gp,"A small silver pitcher, slightly dented.",25
🗿 Carved Bone Statuette,,25 gp,"A statuette of a robed figure, carved from animal bone.",25
⭕ Small Gold Bracelet,,25 gp,"A thin gold bangle with a single claw clasp.",25
💍 Gold Ring Set with Bloodstones,,250 gp,"Three gold rings set with small bloodstones.",250
🐂 Ivory Horn,,250 gp,"A drinking horn of polished ivory with brass fittings.",250
👘 Silk Robe with Gold Embroidery,,250 gp,"A flowing robe embroidered with golden thread.",250
🏆 Silver Chalice with Moonstone Inlay,,750 gp,"A chalice inlaid with a crescent of moonstones.",750
🎻 Gold Harp,,750 gp,"A small harp of solid gold, its music hauntingly sweet.",750
💍 Platinum Ring Set with Sapphires,,750 gp,"Three platinum rings set with sapphires.",750
👑 Jeweled Gold Crown,,2500 gp,"A crown of gold set with a dozen gems.",2500
⚜️ Platinum Bracelet Set with Emeralds,,2500 gp,"Three platinum bracelets studded with emeralds.",2500
🎲 Jade Game Board,,2500 gp,"An intricate board game carved from a single slab of jade.",2500
🛡️ Adamantine Armor Fragment,,7500 gp,"A shard of adamantine plate, worth a fortune to any smith.",7500
🔱 Jeweled Scepter,,7500 gp,"A scepter encrusted with precious stones.",7500
🗿 Solid Gold Idol,,7500 gp,"An idol cast from solid gold.",7500
