name,url,rarity,notes
🏺 Bottle of Boundless Coffee,https://www.dndbeyond.com/magic-items/4239816-bottle-of-boundless-coffee,common,"This container has an endless supply of coffee."
🔧 Manifold Tool,https://www.dndbeyond.com/magic-items/10886044-manifold-tool,common,"A multi-tool that can be transformed into various implements."
📿 Bead of Nourishment,https://www.dndbeyond.com/magic-items/27022-bead-of-nourishment,common,"This flavorless, gelatinous bead dissolves on your tongue and provides enough nourishment to sustain you for a day."
🧪 Potion of Climbing,https://www.dndbeyond.com/magic-items/4702-potion-of-climbing,common,"When you drink this potion, you gain a Climb Speed equal to your walking speed."
🎒 Bag of Holding,https://www.dndbeyond.com/magic-items/4581-bag-of-holding,uncommon,"This bag has an interior space considerably larger than its exterior size, capable of holding up to 500 pounds."
🐍 Bag of Tricks,https://www.dndbeyond.com/magic-items/4582-bag-of-tricks,uncommon,"This ordinary bag appears empty, but reaching inside reveals a pair of wooden stakes, a length of cord, and a rubber chicken."
🥾 Boots of Elvenkind,https://www.dndbeyond.com/magic-items/4587-boots-of-elvenkind,uncommon,"While you wear these boots, your steps make no sound, regardless of the ground or surface you are walking on."
🌿 Cloak of Elvenkind,https://www.dndbeyond.com/magic-items/4606-cloak-of-elvenkind,uncommon,"While you wear this cloak with its hood up, Wisdom (Perception) checks made to see you have disadvantage."
🧥 Cloak of Protection,https://www.dndbeyond.com/magic-items/4607-cloak-of-protection,uncommon,"You gain a +1 bonus to Armor Class and saving throws while you wear this cloak of fine-spun material."
📿 Headband of Intellect,https://www.dndbeyond.com/magic-items/4652-headband-of-intellect,uncommon,"Your Intelligence score is 19 while you wear this headband. It has no effect on a creature that already has a score of 19 or higher."
💠 Pearl of Power,https://www.dndbeyond.com/magic-items/9228918-pearl-of-power,uncommon,"While this pearl is on your person, you can take a Magic Action to touch it and store a spell in it."
📿 Amulet of Health,https://www.dndbeyond.com/magic-items/4568-amulet-of-health,rare,"Your Constitution score is 19 while you wear this amulet. It has no effect on a creature that already has a score of 19 or higher."
🫘 Bag of Beans,https://www.dndbeyond.com/magic-items/4579-bag-of-beans,rare,"Inside this heavy cloth bag are 3d4 dry beans. The bag weighs 3 pounds and is unremarkable in appearance."
🧪 Elixir of Health,https://www.dndbeyond.com/magic-items/5351-elixir-of-health,rare,"When you drink this potion, you are cured of all diseases and poison, and you regain hit points."
🧤 Gloves of Thievery,https://www.dndbeyond.com/magic-items/5352-gloves-of-thievery,rare,"These gloves are imperceptible while worn. While wearing them, you have advantage on Dexterity (Sleight of Hand) checks."
💍 Ring of Protection,https://www.dndbeyond.com/magic-items/4726-ring-of-protection,rare,"You gain a +1 bonus to Armor Class and saving throws while you wear this ring."
🪄 Wand of Wonder,https://www.dndbeyond.com/magic-items/9229195-wand-of-wonder,rare,"This wand has 7 charges. While holding it, you can take a Magic Action to expend 1 charge to produce one of six effects."
🔮 Crystal Ball,https://www.dndbeyond.com/magic-items/4610-crystal-ball,very rare,"The typical crystal ball is about the size of a large glass marble and worth 1,000 gp. Using it requires attunement."
❄️ Frost Brand,https://www.dndbeyond.com/magic-items/5387-frost-brand,very rare,"When you hit with an attack using this magic sword, the target takes an extra 1d6 cold damage."
🌬️ Horseshoes of a Zephyr,https://www.dndbeyond.com/magic-items/4660-horseshoes-of-a-zephyr,very rare,"These iron horseshoes come in a set of four. While all four shoes are affixed to the hooves of a horse, they grant it a fly speed of 30 feet."
🦯 Staff of Fire,https://www.dndbeyond.com/magic-items/9229094-staff-of-fire,very rare,"You have Resistance to Fire Damage while you hold this staff. It can be wielded as a magic quarterstaff that grants a +2 bonus to attack and damage rolls."
⚔️ Sword of Sharpness,https://www.dndbeyond.com/magic-items/5391-sword-of-sharpness,very rare,"When you attack an object with this magic sword and hit, maximize the damage dealt to that target."
🃏 Deck of Many Things,https://www.dndbeyond.com/magic-items/4617-deck-of-many-things,legendary,"Usually found in a box or pouch, this deck contains 37 cards of oiled, vegetable parchment. Each card is worth 100 gp."
🔨 Hammer of Thunderbolts,https://www.dndbeyond.com/magic-items/4649-hammer-of-thunderbolts,legendary,"You gain a +1 bonus to attack and damage rolls made with this magic weapon, usable only against undead."
💍 Ring of Three Wishes,https://www.dndbeyond.com/magic-items/4735-ring-of-three-wishes,legendary,"While wearing this ring, you can expend 1 of its 3 charges to use your action to cast the wish spell without needing any of the normal spell's components."
☀️ Sunsword,https://www.dndbeyond.com/magic-items/5532-sunsword,legendary,"A +3 longsword of solid sunlight with a platinum hilt and crystal blade; it deals extra radiant damage and can blind enemies on a critical hit."
